ma_cua_hang,ten_cua_hang,dia_chi,dien_thoai,hotline,email,gio_mo_cua,website,lat,lng,tinh_thanh,loai_cua_hang
KH027,Cửa hàng Bluera Việt Nhật Tại Dùng,"Ấp An Hòa, Xã An Hòa, Thị Xã Tịnh Biên, Tỉnh An Giang",0975131218,,,,,10.3188672,105.0432488,An Giang,cua-hang-uy-quyen
KH064,Đại lý Bluera Việt Nhật Bảo Thắng,"43/43 Bàu Bàng, Chánh Nghĩa, TP. Thủ Dầu Một, Bình Dương",0918274808,,,,,11.1826157,106.6738179,Bình Dương,dai-ly-uy-quyen
KH065,Đại lý Bluera Việt Nhật Phi Hùng Phát,"Phường Tân Hiệp, Thành phố Tân Uyên, Tỉnh Bình Dương",0813353699,,,,,11.1826157,106.6738179,Bình Dương,dai-ly-uy-quyen
KH74,Đại lý Bluera Việt Nhật Điền Ngọc Bình,"Quốc lộ 14, Cửa Bờ Na, Thôn 1, Xã Nghĩa Trung, Huyện Bù Đăng, Tỉnh Bình Phước",0133962659,,,,,11.8000378,106.9151381,Bình Phước,dai-ly-uy-quyen
KH043,Đại lý Bluera Việt Nhật Linh Ngân,"54 S83, Đường số 16, Phường Tân Bình, Thành Phố Đồng Nai",0093811166,,,,,11.8000378,106.9151381,Bình Phước,dai-ly-uy-quyen
KH14,Cửa hàng Bluera Việt Nhật Huỳnh Hiếu,"Số nhà 254, Đường số 769, Tổ 2, Thôn 1b, Thị Trấn Đức Linh, Bình Thuận",0347411748,,,,,10.9685906,108.0032715,Bình Thuận,cua-hang-uy-quyen
KH165,Cửa hàng Bluera Việt Nhật Hướng Sơn,"44A Nguyễn Đình Chiểu, Phường 2, Thành phố Tân An, Long An",0913780913,,,,,10.4808280,107.2008562,Long An,cua-hang-uy-quyen
KH179,Cửa hàng Bluera Việt Nhật Nhựt Lê,"Đường Tây Đà, TTTM Phong Điền, Cần Thơ",0773065524,,,,,10.0362046,105.7872656,Cần Thơ,cua-hang-uy-quyen
KH211,Cửa hàng Bluera Việt Nhật Bình Bình,"59A Hậu Giang KP6, Hậu Giang Bình, TP. Thủ Đức, TP. HCM",0908122308,,,,,10.7755254,106.7021047,Hồ Chí Minh,cua-hang-uy-quyen
KH213,Cửa hàng Bluera Việt Nhật Nhân Tâm,"1069 Lê Văn Lương, Ấp 03, Xã Nhà Bè, TP. Hồ Chí Minh",0902188385,,,,,10.7755254,106.7021047,Hồ Chí Minh,cua-hang-uy-quyen
KH315,Cửa hàng Bluera Việt Nhật Khánh Ý,"2A1 Nguyễn Ảnh Thủ, Phường Trung Mỹ Tây, Quận 12, TP. HCM",0901827299,,,,,10.7755254,106.7021047,Hồ Chí Minh,cua-hang-uy-quyen
KH318,Cửa hàng Bluera Việt Nhật Thủy Linh,"147 Phan Đức Lộ, Phường Tân Sơn, Tân Phú, TP. HCM",0911827299,,,,,10.7755254,106.7021047,Hồ Chí Minh,cua-hang-uy-quyen
KH254,Cửa hàng Bluera Việt Nhật Chứng Chín,"C1/4 Quốc Lộ 1A, Khu phố 3, Thị Trấn Tân Túc, Bình Chánh, TP. HCM",0967500031,,,,,10.7755254,106.7021047,Hồ Chí Minh,cua-hang-uy-quyen
KH301,Đại lý Bluera Việt Nhật Điện Linh,"1127 QL80, Mũi Ghô Đồng Bằng, Tân Hiệp, Huyện Tân Hiệp, Kiên Giang",0916857799,,,,,9.7667502,104.4726437,Kiên Giang,dai-ly-uy-quyen
KH316,Đại lý Bluera Việt Nhật Hồng An,"17 Khu phố Thanh Bà, Thị Trấn Cần Giuộc, Tỉnh Long An",0999447251,,,,,10.4808280,107.2008562,Long An,dai-ly-uy-quyen
KH338,Đại lý Bluera Việt Nhật An Duy,"Vạt 3, Thôn 7, Xã Liên An, Huyện Bảo Lâm, Tỉnh Lâm Đồng",0884981949,,,,,11.6614957,108.1335279,Lâm Đồng,dai-ly-uy-quyen
KH17,Đại lý Bluera Việt Nhật Quốc Việt,"6D, Tổ 8 Cát Tiên, Huyện Đạ Tẻh, Tỉnh Lâm Đồng",0791188099,,,,,11.6614957,108.1335279,Lâm Đồng,dai-ly-uy-quyen
KH42,Cửa hàng Bluera Việt Nhật Phước Hưng,"107 Điện Biên Phủ, Trần Kế Sách, Huyện Kế Sách, Tỉnh Sóc Trăng",0913919999,,,,,9.3203771,106.1059371,Sóc Trăng,cua-hang-uy-quyen
KH93,Cửa hàng Bluera Việt Nhật Điện Mạnh,"65E Ấp An Phú, Thị Trấn Kế Sách, Huyện Kế Sách, Tỉnh Sóc Trăng",0938771131,,,,,9.3203771,106.1059371,Sóc Trăng,cua-hang-uy-quyen
KH364,Cửa hàng Bluera Việt Nhật Điện Anh May,"Ấp An Trạch, Xã An Hiệp, Châu Thành, Tỉnh Sóc Trăng",0917884003,,,,,9.3203771,106.1059371,Sóc Trăng,cua-hang-uy-quyen
KH434,Cửa hàng Bluera Việt Nhật Tại Phát,"75/3 Ấp Sóc 3, Xã Hòa Long, Thành phố Bà Rịa, Bà Rịa – Vũng Tàu",0906953489,,,,,9.7836158,107.5391620,Bà Rịa - Vũng Tàu,cua-hang-uy-quyen
KH435,Cửa hàng Bluera Việt Nhật Vinh Anh,"108 Bùng Vương, Thị Trấn Ngãi Giao, Châu Đức, Bà Rịa – Vũng Tàu",0906775008,,,,,9.7836158,107.5391620,Bà Rịa - Vũng Tàu,cua-hang-uy-quyen
KH460,Cửa hàng Bluera Việt Nhật Bích Thảo,"Km 55 trục vào Endor, Đắk Lắk",0888945388,,,,,12.8741856,108.7979302,Đắk Lắk,cua-hang-uy-quyen
KH468,Cửa hàng Bluera Việt Nhật Điện Anh Mạnh,"Km 17 Quốc lộ 14, Khu phố Bình, Huyện Cư M'gar, Đắk Lắk",0927300715,,,,,12.8741856,108.7979302,Đắk Lắk,cua-hang-uy-quyen
KH06,Cửa hàng Bluera Việt Nhật Hoàng Phát,"Đường Huỳnh Văn Nghệ, số 12, Ấp Cây Xanh, Xã Bình Minh, Đồng Nai",0381880034,,,,,11.4285446,107.1624245,Đồng Nai,cua-hang-uy-quyen
KH08,Cửa hàng Bluera Việt Nhật Phước Vĩnh,"51b Số giáo binh buôn làng thành lập, Đồng Nai",0906496636,,,,,11.4285446,107.1624245,Đồng Nai,cua-hang-uy-quyen
KH28,Cửa hàng Bluera Việt Nhật Tiến Phát,"Ấp Thanh Hoa, Tổ 22, KP 4A, Phường Trảng Dài, Biên Hòa, Đồng Nai",0927173027,,,,,11.4285446,107.1624245,Đồng Nai,cua-hang-uy-quyen
KH30,Cửa hàng Bluera Việt Nhật Đồng Tháp,"842 Ấp Tân Bình, Xã An Phước, Tỉnh Đồng Tháp",0918111322,,,,,10.4251830,105.9271362,Đồng Tháp,cua-hang
KH85,Đại lý Bluera Việt Nhật Thanh Tùng,"75/1 Ấp Lịch, Xã Lịch Hội Thượng, Tỉnh Vĩnh Long",0979441160,,,,,10.0467650,106.2947443,Vĩnh Long,dai-ly-uy-quyen
KH386,Cửa hàng Bluera Việt Nhật Trung Tín Phát,"Thôn 4, Thị Trấn Lâm Đồng",0912534635,,,,,11.6614957,108.1335279,Lâm Đồng,cua-hang-uy-quyen
KH78,Cửa hàng Bluera Việt Nhật Lộc Phúc,"Chợ Thủ Thừa, Ấp Bình Xuân 1, Xã Nam Phú, Long An",0950274530,,,,,10.4808280,107.2008562,Long An,cua-hang-uy-quyen
KH387,Đại lý Bluera Việt Nhật Hồng Hương,"Ấp Thắng A, Xã Kim Sơn, Tỉnh Đồng Tháp",0940792479,,,,,10.4251830,105.9271362,Đồng Tháp,dai-ly-uy-quyen
KH63,Đại lý Bluera Việt Nhật Shoprow Bon Bike,"Số 30 Đường Bùi Văn Hòa, Thành phố Cần Thơ",0906117172,,,,,10.0362046,105.7872656,Cần Thơ,dai-ly-uy-quyen
KH805,Cửa hàng Bluera Việt Nhật Ánh Dương,"J06 KP.2, Đường Bình Giã, Phường Tân Thành, TP. Hồ Chí Minh",0888331098,,,,,10.7755254,106.7021047,Hồ Chí Minh,cua-hang-uy-quyen
KH69,Đại lý Bluera Việt Nhật Lộc Phát,"Trung tâm Vệ tinh, Tỉnh Vĩnh Long",0391740714,,,,,10.2468959,106.3768781,Vĩnh Long,dai-ly-uy-quyen
KH39,Đại lý Bluera Việt Nhật Quốc Bảo,"U Đường ĐT 141, Khu Phố Bình Phước B, Phường An Phú, TP. Thuận An, Bình Dương",0730870803,,,,,11.1826157,106.6738179,Bình Dương,dai-ly-uy-quyen
KH821,Đại lý Bluera Việt Nhật Lương Thị Thủy,"Thôn số 79, Ấp Thanh Bắc, Xã Đường Thanh, Tây Ninh",0843179624,,,,,11.0800527,106.2610531,Tây Ninh,dai-ly-uy-quyen