ma_cua_hang,ten_cua_hang,dia_chi,dien_thoai,hotline,email,gio_mo_cua,website,lat,lng,tinh_thanh,loai_cua_hang,featured_image_url
KH027,Cửa hàng Bluera Việt Nhật Tài Dung,"Ấp An Hòa, Xã An Hảo, Thị Xã Tịnh Biên, Tỉnh An Giang",0977451216,0976336181,,,,10.487304983602293,105.0229238831014,An Giang,cua-hang-uy-quyen,https://dailyxedien.vn/wp-content/uploads/2025/12/z7295601335572_7f2a4c7d95dc282bc-1.jpg
KH064,Đại lý Bluera Việt Nhật Bảo Thắng,"A254/5 Bàu Bàng, Chánh Nghĩa, TP. Thủ Dầu Một, Bình Dương",0918224868,,,,,10.973351063469384,106.65546322868269,Bình Dương,dai-ly-uy-quyen,https://dailyxedien.vn/wp-content/uploads/2025/12/z7295601335572_7f2a4c7d95dc282bc-1.jpg
KH065,Đại lý Bluera Việt Nhật Phi Hùng Phát,"Thửa đất số 163, Tờ bản đồ số 18, Tổ 2, Khu phố Ông Đông, Phường Tân Hiệp, Thành phố Tân Uyên, Tỉnh Bình Dương",0823332999,,,,,10.968042018186635,106.9514186045143,Bình Dương,dai-ly-uy-quyen,https://dailyxedien.vn/wp-content/uploads/2025/12/z7295601335572_7f2a4c7d95dc282bc-1.jpg
KH074,Cửa hàng Bluera Việt Nhật Ngọc Bình,"Quốc Lộ 14 cầu Bù Na, Thôn 3, xã Nghĩa Trung, Huyện Bù Đăng, Tỉnh Bình Phước",0974531521,0376562939,,,,11.66860558882823,107.06523931538409,Bình Phước,cua-hang-uy-quyen,https://dailyxedien.vn/wp-content/uploads/2025/12/z7295601335572_7f2a4c7d95dc282bc-1.jpg
KH108,Đại lý Bluera Việt Nhật Linh Ngân,"Số 881, đường Quốc lộ 14, Phường Tân Bình, Thành Phố Đồng Xoài",0908151166,,,,,10.789255,106.747014,Bình Phước,dai-ly-uy-quyen,https://dailyxedien.vn/wp-content/uploads/2025/12/z7295601335572_7f2a4c7d95dc282bc-1.jpg
KH114,Cửa hàng Bluera Việt Nhật Huỳnh Hiền,"Số nhà 254 ,đường dt 766, Tổ 2,Thôn 1b, Trà Tân, Đức Linh ,Bình Thuận",0399229939,0387411749,,,,11.05608875277741,107.46927259288675,Bình Thuận,cua-hang-uy-quyen,https://dailyxedien.vn/wp-content/uploads/2025/12/z7295601335572_7f2a4c7d95dc282bc-1.jpg
KH165,Cửa hàng Bluera Việt Nhật Huỳnh Sơn,"447A Nguyễn Đình Chiểu, Phường 3, Thành phố Tân An, Long An",0913780918,,,,,10.53575147635912,106.41789390942171,Long An,cua-hang-uy-quyen,https://dailyxedien.vn/wp-content/uploads/2025/12/z7295601335572_7f2a4c7d95dc282bc-1.jpg
KH179,Cửa hàng Bluera Việt Nhật Nhựt Lê,"Đường Tây Đô, TTTM Phong Điền, Cần Thơ (Đối diện quán cafe Góc Phố)",0774003338,0772065224,,,,9.99947808980444,105.66765406344588,Cần Thơ,cua-hang-uy-quyen,https://dailyxedien.vn/wp-content/uploads/2025/12/z7295601335572_7f2a4c7d95dc282bc-1.jpg
KH211,Cửa hàng Bluera Việt Nhật Hiệp Bình,"59A Hiệp Bình KP6, Hiệp Bình Phước, TP. Thủ Đức, TP. HCM",0908122368,,,,,10.846459651849004,106.72103579817278,Hồ Chí Minh,cua-hang-uy-quyen,https://dailyxedien.vn/wp-content/uploads/2025/12/z7295601335572_7f2a4c7d95dc282bc-1.jpg
KH213,Cửa hàng Bluera Việt Nhật Nhân Tâm,"1099 Lê Văn Lương, Ấp 63, Xã Nhà Bè, TP Hồ Chí Minh",0909021835,0909940838,,,,10.706457116214516,106.70335674717982,Hồ Chí Minh,cua-hang-uy-quyen,https://dailyxedien.vn/wp-content/uploads/2025/12/z7295601335572_7f2a4c7d95dc282bc-1.jpg
KH215,Cửa hàng Bluera Việt Nhật Thành Ý,"22A1, Nguyễn Ảnh Thủ, Phường Tân Thới Hiệp, Tp. Hồ Chí Minh",0969369066,0971780854,,,,10.87663825861973,106.64459738092731,Hồ Chí Minh,cua-hang-uy-quyen,https://dailyxedien.vn/wp-content/uploads/2025/12/z7295601335572_7f2a4c7d95dc282bc-1.jpg
KH216,Cửa hàng Bluera Việt Nhật Thùy Linh,"147 Phan Huy Ích, Phường Tân Sơn, Tp. Hồ Chí Minh",0931827299,0931827399,,,,10.83167683571377,106.63328681164475,Hồ Chí Minh,cua-hang-uy-quyen,https://dailyxedien.vn/wp-content/uploads/2025/12/z7295601335572_7f2a4c7d95dc282bc-1.jpg
KH254,Đại lý Bluera Việt Nhật Chung Chín,"C11/1 Quốc Lộ 1A, Khu phố 3, Thị Trấn Tân Túc, Bình Chánh, Tp. HCM",0975000151,0916657799,,,,10.677770886057587,106.58457916768573,Hồ Chí Minh,dai-ly-uy-quyen,https://dailyxedien.vn/wp-content/uploads/2025/12/z7295601335572_7f2a4c7d95dc282bc-1.jpg
KH301,Đại lý Bluera Việt Nhật Long Tứ,"1127 QL80, khu phố Đông Hưng, Thị trấn Tân Hiệp, Huyện Tân Hiệp, Tỉnh Kiên Giang",0932990054,0939499233,,,,10.120700696453117,105.28770114526115,Kiên Giang,dai-ly-uy-quyen,https://dailyxedien.vn/wp-content/uploads/2025/12/z7295601335572_7f2a4c7d95dc282bc-1.jpg
KH318,Đại lý Bluera Việt Nhật Hồng An,"177 Khu phố Thanh Ba. Thị Trấn Cần Giuộc, Tỉnh Long An",0909059478,0909447358,,,,10.597300717188034,106.66990557207073,Long An,dai-ly-uy-quyen,https://dailyxedien.vn/wp-content/uploads/2025/12/z7295601335572_7f2a4c7d95dc282bc-1.jpg
KH336,Đại lý Bluera Việt Nhật An Duy,"Ngã 3 chợ cũ, Thôn 7, Xã Lộc An, Huyện Bảo Lâm, Tỉnh Lâm Đồng",0838149149,0773373739,,,,11.547941601986151,107.90251950958744,Lâm Đồng,dai-ly-uy-quyen,https://dailyxedien.vn/wp-content/uploads/2025/12/z7295601335572_7f2a4c7d95dc282bc-1.jpg
KH337,Đại lý Bluera Việt Nhật Quốc Việt,"Tổ Dân Phố 6, Thị Trấn Cát Tiên, Huyện Đạ Huoai, Tỉnh Lâm Đồng",0911232117,0797118998,,,,11.56534918768193,107.31274324296778,Lâm Đồng,dai-ly-uy-quyen,https://dailyxedien.vn/wp-content/uploads/2025/12/z7295601335572_7f2a4c7d95dc282bc-1.jpg
KH362,Cửa hàng Bluera Việt Nhật Phước Hưng,"107 Dương Minh Quang, Phường 3, TP. Sóc Trăng, Tỉnh Sóc Trăng",0932515999,,,,,,,Sóc Trăng,cua-hang-uy-quyen,https://dailyxedien.vn/wp-content/uploads/2025/12/z7295601335572_7f2a4c7d95dc282bc-1.jpg
KH363,Cửa hàng Bluera Việt Nhật Mạnh Tường,"495E, Ấp An Phú, Thị Trấn Kế Sách, Huyện Kế Sách, Tỉnh Sóc Trăng",0988449199,,,,,9.766197408947171,105.97809258664142,Sóc Trăng,cua-hang-uy-quyen,https://dailyxedien.vn/wp-content/uploads/2025/12/z7295601335572_7f2a4c7d95dc282bc-1.jpg
KH364,Cửa hàng Bluera Việt Nhật Ánh May,"Ấp An Trạch, Xã An Ninh, TP. Cần Thơ",0363731533,0869860368,,,,9.65720766472688,105.94430577174835,Cần Thơ,cua-hang-uy-quyen,https://dailyxedien.vn/wp-content/uploads/2025/12/z7295601335572_7f2a4c7d95dc282bc-1.jpg
KH434,Cửa hàng Bluera Việt Nhật Tài Phát,"Tổ 2, ấp Bắc 3, Xã Hoà Long, Thành phố Bà Rịa, Bà Rịa - Vũng Tàu",0765203821,0969098950,,,,10.968042018186635,106.9514186045143,Bà Rịa - Vũng Tàu,cua-hang-uy-quyen,https://dailyxedien.vn/wp-content/uploads/2025/12/z7295601335572_7f2a4c7d95dc282bc-1.jpg
KH435,Cửa hàng Bluera Việt Nhật Vinh Anh,"168 Hùng Vương, Thị Trấn Ngãi Giao, Châu Đức, Bà Rịa - Vũng Tàu",0985654467,0969775068,,,,10.50659780156589,107.1788908875036,Bà Rịa - Vũng Tàu,cua-hang-uy-quyen,https://dailyxedien.vn/wp-content/uploads/2025/12/z7295601335572_7f2a4c7d95dc282bc-1.jpg
KH465,Cửa hàng Bluera Việt Nhật Bích Thảo,"Km 56, buôn tơng sinh, Eadar, Eakar, Daklak",0889945888,,,,,12.813815920554289,108.4578242063274,Đắk Lắk,cua-hang-uy-quyen,https://dailyxedien.vn/wp-content/uploads/2025/12/z7295601335572_7f2a4c7d95dc282bc-1.jpg
KH466,Cửa hàng Bluera Việt Nhật Anh Mạnh,Km 17 quốc lộ 14 buôn cuôr - Đăng A - xã cuôr Đăng - huyện Cư M’gar -tỉnh Đaklak,0979700555,,,,,12.750150779719359,108.16585049339051,Đắk Lắk,cua-hang-uy-quyen,https://dailyxedien.vn/wp-content/uploads/2025/12/z7295601335572_7f2a4c7d95dc282bc-1.jpg
KH506,Cửa hàng Bluera Việt Nhật Hoàng Phát,"Đường Huỳnh Văn Nghệ, tổ 12, ấp An Chu, Xã Bình Minh, Đồng Nai",0945906355,0858667355,,,,10.968042018186635,106.9514186045143,Đồng Nai,cua-hang-uy-quyen,https://dailyxedien.vn/wp-content/uploads/2025/12/z7295601335572_7f2a4c7d95dc282bc-1.jpg
KH507,Cửa hàng Bluera Việt Nhật Phước Bình,Tổ 1 ấp 6 xã phước bình huyện long thành tỉnh đồng nai,0964799836,,,,,10.680319539091167,107.09493284130647,Đồng Nai,cua-hang-uy-quyen,https://dailyxedien.vn/wp-content/uploads/2025/12/z7295601335572_7f2a4c7d95dc282bc-1.jpg
KH508,Cửa hàng Bluera Việt Nhật Tiến Phát,"Ngã ba chợ Thanh Hóa, Tổ 22, KP 4A, phường Trảng Dài, Biên Hòa, Đồng Nai",0975127927,,,,,10.995958800868182,106.8644158528591,Đồng Nai,cua-hang-uy-quyen,https://dailyxedien.vn/wp-content/uploads/2025/12/z7295601335572_7f2a4c7d95dc282bc-1.jpg
KH583,Đại lý Bluera Việt Nhật Thanh Tùng,"Tổ 1, Ấp Lộc Hòa, xã Lộc Thuận, Tỉnh Vĩnh Long",0979441109,,,,,10.187586223221732,105.93188733949715,Vĩnh Long,dai-ly-uy-quyen,https://dailyxedien.vn/wp-content/uploads/2025/12/z7295601335572_7f2a4c7d95dc282bc-1.jpg
KH585,Cửa hàng Bluera Việt Nhật Trung Tín Phát,"Thôn 4, Xã Nam Ban Lâm Hà, Tỉnh Lâm Đồng (Địa chỉ mới)",0388824925,0349454914,,,,10.968042018186635,106.9514186045143,Lâm Đồng,cua-hang-uy-quyen,https://dailyxedien.vn/wp-content/uploads/2025/12/z7295601335572_7f2a4c7d95dc282bc-1.jpg
KH586,Cửa hàng Bluera Việt Nhật Lộc Phúc,"Chợ Thái Thiện, Ấp Bình Xuân 1, Xã Xuân Phú, Đồng Nai",0919234520,,,,,10.821217109814926,105.5203917243531,Đồng Nai,cua-hang-uy-quyen,https://dailyxedien.vn/wp-content/uploads/2025/12/z7295601335572_7f2a4c7d95dc282bc-1.jpg
KH587,Đại lý Bluera Việt Nhật Hồng Hương,"Ấp Tân Thuận A, Xã Kim Sơn, Tỉnh Đồng Tháp (mới)",02733853298,0772669181,,,,,,Đồng Tháp,dai-ly-uy-quyen,https://dailyxedien.vn/wp-content/uploads/2025/12/z7295601335572_7f2a4c7d95dc282bc-1.jpg
KH603,Đại lý Bluera Việt Nhật Shoprow Ron Bike Pro,"Khu dân cư cao tốc Cây Dương, Ấp Mỹ Hòa, Xã Hiệp Hưng, Thành Phố Cần Thơ (mới) 	                                                               SỐ 10 ĐƯỜNG Hùng Vương, TT.Cây Dương, H.Phụng Hiệp, T.Hậu Giang (địa chỉ cũ)",0939489688,0939157282,,,,9.776978328405972,105.73926327829709,Hậu Giang,dai-ly-uy-quyen,https://dailyxedien.vn/wp-content/uploads/2025/12/z7295601335572_7f2a4c7d95dc282bc-1.jpg
KH605,Cửa hàng Bluera Việt Nhật Ánh Dương,"306 KP2, Đường Bình Giã, Phường Tân Thành, TP. HCM",0868351068,,,,,10.646535543957024,107.13965354483719,Hồ Chí Minh,cua-hang-uy-quyen,https://dailyxedien.vn/wp-content/uploads/2025/12/z7295601335572_7f2a4c7d95dc282bc-1.jpg
KH609,Đại lý Bluera Việt Nhật Lộc Phát,"Đường Trương Vĩnh Trọng, Ấp Tân Phước, Xã Hưng Nhượng, Tỉnh Vĩnh Long",0353235939,0983454522,,,,10.110597483504298,106.51669852616216,Vĩnh Long,dai-ly-uy-quyen,https://dailyxedien.vn/wp-content/uploads/2025/12/z7295601335572_7f2a4c7d95dc282bc-1.jpg
KH620,Đại lý Bluera Việt Nhật Quốc Bảo,"1/2 Đường ĐT 743, Khu Phố Bình Phước B, Phường An Phú, TP. Thuận An, Tỉnh Bình Dương",0866490895,,,,,,,,Bình Dương,dai-ly-uy-quyen,https://dailyxedien.vn/wp-content/uploads/2025/12/z7295601335572_7f2a4c7d95dc282bc-1.jpg
KH621,Đại lý Bluera Việt Nhật Út Tân,"Thửa đất số 70, Tờ bản đồ 32, Ấp Thành Bắc, Xã Đông Thành, Tỉnh Tây Ninh",0857676978,,,,,10.897599401112492,106.31146708282688,Tây Ninh,dai-ly-uy-quyen,https://dailyxedien.vn/wp-content/uploads/2025/12/z7295601335572_7f2a4c7d95dc282bc-1.jpg